data_source,environment,cluster_id,step_id,worker_count,repeat,input_records,runtime_seconds,state,started_at,ended_at
binance-vision-aggTrades,aws-learner-lab,j-1Z4OEDDI0KDBC,s-05932311N0THEBOPT1N7,1,1,2416619,56.059,COMPLETED,2026-08-02T20:48:09.783000+05:30,2026-08-02T20:49:05.842000+05:30
binance-vision-aggTrades,aws-learner-lab,j-1Z4OEDDI0KDBC,s-02376713VC5YTA2HY0ZR,1,2,2416619,56.055,COMPLETED,2026-08-02T20:49:35.855000+05:30,2026-08-02T20:50:31.910000+05:30
binance-vision-aggTrades,aws-learner-lab,j-1Z4OEDDI0KDBC,s-04144231RANX6WT636YT,1,3,2416619,54.049,COMPLETED,2026-08-02T20:51:01.920000+05:30,2026-08-02T20:51:55.969000+05:30
binance-vision-aggTrades,aws-learner-lab,j-1Z4OEDDI0KDBC,s-07302842XML7LTS30FLW,2,1,2416619,58.074,COMPLETED,2026-08-02T20:56:41.037000+05:30,2026-08-02T20:57:39.111000+05:30
binance-vision-aggTrades,aws-learner-lab,j-1Z4OEDDI0KDBC,s-0159033251YHVMV61IVI,2,2,2416619,52.055,COMPLETED,2026-08-02T21:05:24.245000+05:30,2026-08-02T21:06:16.300000+05:30
binance-vision-aggTrades,aws-learner-lab,j-1Z4OEDDI0KDBC,s-09257412RXENY1VU1C45,2,3,2416619,52.087,COMPLETED,2026-08-02T21:07:01.314000+05:30,2026-08-02T21:07:53.401000+05:30
binance-vision-aggTrades,aws-learner-lab,j-1Z4OEDDI0KDBC,s-0526204DXOLPPCXPO8O,4,1,2416619,56.053,COMPLETED,2026-08-02T21:11:28.463000+05:30,2026-08-02T21:12:24.516000+05:30
binance-vision-aggTrades,aws-learner-lab,j-1Z4OEDDI0KDBC,s-033098450LFJQIFRISP,4,2,2416619,52.059,COMPLETED,2026-08-02T21:12:54.526000+05:30,2026-08-02T21:13:46.585000+05:30
binance-vision-aggTrades,aws-learner-lab,j-1Z4OEDDI0KDBC,s-08539043INU5Q3461VMF,4,3,2416619,60.069,COMPLETED,2026-08-02T21:14:16.595000+05:30,2026-08-02T21:15:16.664000+05:30
